angle,R0,rr0,realR,realrr,realOR,psi0,nmax,beta,maxh0,vol,rdrop,hdrop,charL,charT,r0rf,t0,tic,tau,ts,t00,Oh,SectionArea,tauMax,sigmaMax
40,80,20,92.0,12.0,68.0,0.3,5.235987755982989,0.15,4.67911113762044,41361.33441514999,41.07215687180012,14.949042558447305,5.1180152534007535,600.0,50.92784312819988,200.0,416.0,0.0,Inf,Inf,0.4811252243246881,81.00325998288366,98905.61372799514,1.0110649560803958e-5
40,80,22,94.0,14.0,66.0,0.35,4.487989505128276,0.175,5.147022251382484,50047.27854859331,43.76660086021144,15.929739968126535,5.629816778740829,700.0,50.23339913978856,233.0,524.0,0.0,Inf,Inf,0.4454354031873739,98.08573390004827,108836.01113589134,9.18813533832485e-6
40,80,25,96.0,16.0,64.0,0.4,3.9269908169872414,0.2,5.848888922025548,64627.27789351647,47.66006358847838,17.346844509440583,6.397519066750942,800.0,48.33993641152162,267.0,640.0,0.0,Inf,Inf,0.41666666666666663,126.84529721120141,123767.57409591235,8.079660664796264e-6
40,80,30,99.0,19.0,61.0,0.475,3.306939635357677,0.2375,7.018666706430661,93068.24052951654,53.820760569511805,19.589154832870403,7.67702288010113,950.0,45.179239430488195,317.0,828.0,0.0,Inf,Inf,0.3823595564509363,183.23676345973013,148756.51643027636,6.722394581407867e-6
40,80,40,105.0,25.0,55.0,0.625,2.5132741228718345,0.3125,9.35822227524088,165456.58730379265,65.19946272836108,23.73066372327212,10.236030506801507,1250.0,39.800537271638916,417.0,1250.0,0.0,Inf,Inf,0.3333333333333333,326.6460996195936,198613.3477816878,5.034908334052059e-6
40,80,60,118.0,38.0,42.0,0.95,1.6534698176788385,0.475,14.037333412861322,372276.6119304077,85.43541115055923,31.095946611098366,15.35404576020226,1900.0,32.56458884944077,633.0,2342.0,0.0,Inf,Inf,0.27036903521793754,736.836088242088,298301.2942051239,3.3523153248955067e-6
40,80,80,131.0,51.0,29.0,1.275,1.231997119054821,0.6375,18.71644455048176,661824.0849925473,103.49757769477675,37.67003759955238,20.472061013603014,2550.0,27.50242230522325,850.0,3642.0,0.0,Inf,Inf,0.2333800140046683,1311.5731982082934,397984.31842339726,2.5126618153234516e-6
40,80,100,144.0,64.0,16.0,1.6,0.9817477042468103,0.8,23.395555688102192,1.0340975582736029e6,120.09820056663105,43.71217019518607,25.590076267003766,3200.0,23.90179943336895,1067.0,5120.0,0.0,Inf,Inf,0.20833333333333331,2050.8574260976534,497665.3778026158,2.0093822970273416e-6
40,120,20,132.0,12.0,108.0,0.2,7.853981633974483,0.1,4.67911113762044,62041.95282057322,47.015870615988455,17.112377442330782,5.1180152534007535,600.0,84.98412938401154,200.0,416.0,0.0,Inf,Inf,0.4811252243246881,81.00325998288366,98905.61372799514,1.0110649560803958e-5
40,120,22,134.0,14.0,106.0,0.23333333333333334,6.731984257692414,0.11666666666666667,5.147022251382484,75073.73775342791,50.10087865948932,18.23522854263691,5.629816778740829,700.0,83.89912134051067,233.0,524.0,0.0,Inf,Inf,0.4454354031873739,98.08573390004828,108836.01113589134,9.18813533832485e-6
40,120,25,136.0,16.0,104.0,0.26666666666666666,5.8904862254808625,0.13333333333333333,5.848888922025548,96941.15805252915,54.55719884111941,19.85719644311002,6.397519066750942,800.0,81.4428011588806,267.0,640.0,0.0,Inf,Inf,0.41666666666666663,126.84529721120141,123767.57409591235,8.079660664796264e-6
40,120,30,139.0,19.0,101.0,0.31666666666666665,4.960409453036515,0.15833333333333333,7.018666706430661,139601.84556509415,61.60931537513726,22.423956950069055,7.67702288010113,950.0,77.39068462486274,317.0,828.0,0.0,Inf,Inf,0.3823595564509363,183.23676345973013,148756.51643027636,6.722394581407867e-6
40,120,40,145.0,25.0,95.0,0.4166666666666667,3.7699111843077517,0.20833333333333334,9.35822227524088,248182.52848354692,74.63451777754375,27.164742919837646,10.236030506801507,1250.0,70.36548222245625,417.0,1250.0,0.0,Inf,Inf,0.3333333333333333,326.6460996195936,198613.3477816878,5.034908334052059e-6
40,120,60,158.0,38.0,82.0,0.6333333333333333,2.4802047265182576,0.31666666666666665,14.037333412861322,558413.8344942846,97.79906871450594,35.59594995103516,15.35404576020226,1900.0,60.200931285494065,633.0,2342.0,0.0,Inf,Inf,0.27036903521793754,736.836088242088,298301.2942051239,3.3523153248955067e-6
40,120,80,171.0,51.0,69.0,0.85,1.8479956785822313,0.425,18.71644455048176,992735.47302667,118.4751252220266,43.12141908177869,20.472061013603014,2550.0,52.524874777973395,850.0,3642.0,0.0,Inf,Inf,0.2333800140046683,1311.5731982082934,397984.31842339726,2.5126618153234516e-6
40,120,100,184.0,64.0,56.0,1.0666666666666667,1.4726215563702156,0.5333333333333333,23.395555688102192,1.5511501247620448e6,137.47823258456702,50.03798452030833,25.590076267003766,3200.0,46.521767415432976,1067.0,5120.0,0.0,Inf,Inf,0.20833333333333331,2050.857426097653,497665.37780261575,2.009382297027342e-6
40,150,20,162.0,12.0,138.0,0.16,9.817477042468104,0.08,4.67911113762044,77552.39454473632,50.6463012002936,18.433746112587514,5.1180152534007535,600.0,111.3536987997064,200.0,416.0,0.0,Inf,Inf,0.4811252243246881,81.00325998288366,98905.61372799514,1.0110649560803958e-5
40,150,22,164.0,14.0,136.0,0.18666666666666668,8.414980322115516,0.09333333333333334,5.147022251382484,93838.41572612771,53.968815356426354,19.643042368347924,5.629816778740829,700.0,110.03118464357365,233.0,524.0,0.0,Inf,Inf,0.4454354031873739,98.08573390004828,108836.01113589134,9.18813533832485e-6
40,150,25,166.0,16.0,134.0,0.21333333333333335,7.3631077818510775,0.10666666666666667,5.848888922025548,121176.2712696433,58.769932386232874,21.390506058426055,6.397519066750942,800.0,107.23006761376712,267.0,640.0,0.0,Inf,Inf,0.41666666666666663,126.84529721120143,123767.57409591238,8.079660664796262e-6
40,150,30,169.0,19.0,131.0,0.25333333333333335,6.200511816295644,0.12666666666666668,7.018666706430661,174503.16531396587,66.36673195317617,24.155514976479793,7.67702288010113,950.0,102.63326804682383,317.0,828.0,0.0,Inf,Inf,0.3823595564509363,183.23676345973013,148756.51643027636,6.722394581407867e-6
40,150,40,175.0,25.0,125.0,0.3333333333333333,4.71238898038469,0.16666666666666666,9.35822227524088,310229.8719272034,80.39774491998526,29.262386053001425,10.236030506801507,1250.0,94.60225508001474,417.0,1250.0,0.0,Inf,Inf,0.3333333333333333,326.6460996195936,198613.3477816878,5.034908334052059e-6
40,150,60,188.0,38.0,112.0,0.5066666666666667,3.100255908147822,0.25333333333333335,14.037333412861322,698019.7712517534,105.3509778193792,38.34462007709294,15.35404576020226,1900.0,82.6490221806208,633.0,2342.0,0.0,Inf,Inf,0.27036903521793754,736.836088242088,298301.2942051239,3.3523153248955067e-6
40,150,80,201.0,51.0,99.0,0.68,2.3099945982277887,0.34,18.71644455048176,1.2409217116848407e6,127.62354110407209,46.451170153531436,20.472061013603014,2550.0,73.37645889592791,850.0,3642.0,0.0,Inf,Inf,0.2333800140046683,1311.5731982082932,397984.3184233972,2.512661815323452e-6
40,150,100,214.0,64.0,86.0,0.8533333333333334,1.8407769454627694,0.4266666666666667,23.395555688102192,1.938933703526175e6,148.0938360748289,53.90174820953606,25.590076267003766,3200.0,65.90616392517109,1067.0,5120.0,0.0,Inf,Inf,0.20833333333333331,2050.857426097653,497665.37780261575,2.009382297027342e-6
40,160,20,172.0,12.0,148.0,0.15,10.471975511965978,0.075,4.67911113762044,82722.70225500292,51.74768197704066,18.83461593191643,5.1180152534007535,600.0,120.25231802295934,200.0,416.0,0.0,Inf,Inf,0.4811252243246881,81.00325998288366,98905.61372799514,1.0110649560803958e-5
40,160,22,174.0,14.0,146.0,0.175,8.975979010256552,0.0875,5.147022251382484,100095.04115755396,55.142550596199726,20.070247058534736,5.629816778740829,700.0,118.85744940380027,233.0,524.0,0.0,Inf,Inf,0.4454354031873739,98.08573390004827,108836.01113589134,9.18813533832485e-6
40,160,25,176.0,16.0,144.0,0.2,7.853981633974483,0.1,5.848888922025548,129256.91432999974,60.04828258911344,21.855787481242743,6.397519066750942,800.0,115.95171741088656,267.0,640.0,0.0,Inf,Inf,0.41666666666666663,126.84529721120141,123767.57409591235,8.079660664796264e-6
40,160,30,179.0,19.0,141.0,0.2375,6.613879270715354,0.11875,7.018666706430661,186135.64410587196,67.80980752813217,24.680751531560364,7.67702288010113,950.0,111.19019247186783,317.0,828.0,0.0,Inf,Inf,0.3823595564509363,183.23676345973013,148756.51643027636,6.722394581407867e-6
40,160,40,185.0,25.0,135.0,0.3125,5.026548245743669,0.15625,9.35822227524088,330911.77055762406,82.14605935227107,29.898720466491472,10.236030506801507,1250.0,102.85394064772893,417.0,1250.0,0.0,Inf,Inf,0.3333333333333333,326.6460996195936,198613.3477816878,5.034908334052059e-6
40,160,60,198.0,38.0,122.0,0.475,3.306939635357677,0.2375,14.037333412861322,744554.3093208236,107.64192522418631,39.178456740712136,15.35404576020226,1900.0,90.35807477581369,633.0,2342.0,0.0,Inf,Inf,0.27036903521793754,736.836088242088,298301.2942051239,3.3523153248955067e-6
40,160,80,211.0,51.0,109.0,0.6375,2.463994238109642,0.31875,18.71644455048176,1.3236494416976906e6,130.3988185115527,47.46128852168585,20.472061013603014,2550.0,80.60118148844731,850.0,3642.0,0.0,Inf,Inf,0.2333800140046683,1311.5731982082934,397984.31842339726,2.5126618153234516e-6
40,160,100,224.0,64.0,96.0,0.8,1.9634954084936207,0.4,23.395555688102192,2.0681985705841123e6,151.31433518363164,55.07391402462109,25.590076267003766,3200.0,72.68566481636836,1067.0,5120.0,0.0,Inf,Inf,0.20833333333333331,2050.8574260976534,497665.3778026158,2.0093822970273416e-6
40,180,20,192.0,12.0,168.0,0.13333333333333333,11.780972450961725,0.06666666666666667,4.67911113762044,93065.24148006286,53.820182453011924,19.588944415672508,5.1180152534007535,600.0,138.1798175469881,200.0,416.0,0.0,Inf,Inf,0.4811252243246881,81.00325998288366,98905.61372799514,1.0110649560803958e-5
40,180,22,194.0,14.0,166.0,0.15555555555555556,10.09797638653862,0.07777777777777778,5.147022251382484,112609.16530644325,57.35094468213122,20.874036771343317,5.629816778740829,700.0,136.64905531786877,233.0,524.0,0.0,Inf,Inf,0.4454354031873739,98.08573390004828,108836.01113589134,9.18813533832485e-6
40,180,25,196.0,16.0,164.0,0.17777777777777778,8.835729338221293,0.08888888888888889,5.848888922025548,145412.29793312005,62.45248284029237,22.7308448098872,6.397519066750942,800.0,133.54751715970764,267.0,640.0,0.0,Inf,Inf,0.41666666666666663,126.84529721120143,123767.57409591238,8.079660664796262e-6
40,180,30,199.0,19.0,161.0,0.2111111111111111,7.440614179554773,0.10555555555555556,7.018666706430661,209404.2256003408,70.52522438024721,25.66908243935507,7.67702288010113,950.0,128.4747756197528,317.0,828.0,0.0,Inf,Inf,0.3823595564509363,183.23676345973013,148756.51643027636,6.722394581407867e-6
40,180,40,205.0,25.0,155.0,0.2777777777777778,5.654866776461628,0.1388888888888889,9.35822227524088,372273.2496375212,85.4351539406148,31.095852994334635,10.236030506801507,1250.0,119.5648460593852,417.0,1250.0,0.0,Inf,Inf,0.3333333333333333,326.6460996195936,198613.3477816878,5.034908334052059e-6
40,180,60,218.0,38.0,142.0,0.4222222222222222,3.7203070897773864,0.2111111111111111,14.037333412861322,837617.5814848491,111.95184562582533,40.74713947896537,15.35404576020226,1900.0,106.04815437417467,633.0,2342.0,0.0,Inf,Inf,0.27036903521793754,736.836088242088,298301.2942051239,3.3523153248955067e-6
40,180,80,231.0,51.0,129.0,0.5666666666666667,2.771993517873347,0.2833333333333333,18.71644455048176,1.4891049278989388e6,135.62021539647057,49.36172156908622,20.472061013603014,2550.0,95.37978460352943,850.0,3642.0,0.0,Inf,Inf,0.2333800140046683,1311.5731982082932,397984.3184233972,2.512661815323452e-6
40,180,100,244.0,64.0,116.0,0.7111111111111111,2.2089323345553233,0.35555555555555557,23.395555688102192,2.3267240046444437e6,157.37326422029096,57.27918384549628,25.590076267003766,3200.0,86.62673577970904,1067.0,5120.0,0.0,Inf,Inf,0.20833333333333331,2050.857426097653,497665.37780261575,2.009382297027342e-6
40,200,20,212.0,12.0,188.0,0.12,13.089969389957473,0.06,4.67911113762044,103404.9995820612,55.74379201279061,20.289081037781862,5.1180152534007535,600.0,156.2562079872094,200.0,416.0,0.0,Inf,Inf,0.4811252243246881,81.00325998288366,98905.61372799514,1.0110649560803958e-5
40,200,22,214.0,14.0,186.0,0.14,11.219973762820688,0.07,5.147022251382484,125122.0066015669,59.401019165116026,21.62020286117846,5.629816778740829,700.0,154.59898083488397,233.0,524.0,0.0,Inf,Inf,0.4454354031873739,98.08573390004828,108836.01113589134,9.18813533832485e-6
40,200,25,216.0,16.0,184.0,0.16,9.817477042468104,0.08,5.848888922025548,161568.84631782403,64.68474506118946,23.543321813370707,6.397519066750942,800.0,151.31525493881054,267.0,640.0,0.0,Inf,Inf,0.41666666666666663,126.84529721120141,123767.57409591235,8.079660664796264e-6
40,200,30,219.0,19.0,181.0,0.19,8.267349088394193,0.095,7.018666706430661,232668.75351307116,73.04581694275454,26.586503104820512,7.67702288010113,950.0,145.95418305724547,317.0,828.0,0.0,Inf,Inf,0.3823595564509363,183.23676345973013,148756.51643027636,6.722394581407867e-6
40,200,40,225.0,25.0,175.0,0.25,6.283185307179586,0.125,9.35822227524088,413640.1710896264,88.48919261099516,32.20743216465102,10.236030506801507,1250.0,136.51080738900484,417.0,1250.0,0.0,Inf,Inf,0.3333333333333333,326.6460996195936,198613.3477816878,5.034908334052059e-6
40,200,60,238.0,38.0,162.0,0.38,4.133674544197096,0.19,14.037333412861322,930689.1361252498,115.95359314457416,42.20365646083858,15.35404576020226,1900.0,122.04640685542584,633.0,2342.0,0.0,Inf,Inf,0.27036903521793754,736.836088242088,298301.2942051239,3.3523153248955067e-6
40,200,80,251.0,51.0,149.0,0.51,3.079992797637052,0.255,18.71644455048176,1.654559470351996e6,140.46780308318523,51.12609919504572,20.472061013603014,2550.0,110.53219691681477,850.0,3642.0,0.0,Inf,Inf,0.2333800140046683,1311.5731982082937,397984.31842339726,2.5126618153234516e-6
40,200,100,255.5,59.5,136.0,0.6112531969309463,2.5697965011581783,0.2975,23.395555688102192,2.577645346889466e6,162.8384840539125,59.26836118865581,25.590076267003766,2975.0,92.66151594608749,992.0,4590.0,0.0,Inf,Inf,0.21606790785072147,2027.5292130338742,494826.8461115743,2.020908945943726e-6
30,80,20,89.0,9.0,71.0,0.225,6.981317007977318,0.1125,2.6794919243112254,18209.05618568053,34.82955779750347,9.332551884574164,3.396141505368622,450.0,54.17044220249653,150.0,270.0,0.0,Inf,Inf,0.5555555555555556,35.18822577592826,181135.21636456958,5.520737601832804e-6
30,80,22,90.0,10.0,70.0,0.25,6.283185307179586,0.125,2.947441116742347,22034.51626272228,37.11532964562352,9.945022605359725,3.7357556559054843,500.0,52.88467035437648,167.0,316.0,0.0,Inf,Inf,0.5270462766947298,42.697452270306684,199528.61599267102,5.011812441162482e-6
30,80,25,92.0,12.0,68.0,0.3,5.235987755982989,0.15,3.349364905389031,28458.30102637526,40.41927055945043,10.830310905059791,4.245176881710778,600.0,51.58072944054957,200.0,416.0,0.0,Inf,Inf,0.4811252243246881,55.414396631945806,227308.41501000134,4.399309193880926e-6
30,80,30,94.0,14.0,66.0,0.35,4.487989505128276,0.175,4.01923788646684,40975.48179280234,45.64152759134291,12.229610459423132,5.094212258052933,700.0,48.35847240865709,233.0,524.0,0.0,Inf,Inf,0.4454354031873739,79.9812507853996,273085.2887200766,3.6618596508325284e-6
30,80,40,99.0,19.0,61.0,0.475,3.306939635357677,0.2375,5.358983848622451,72849.21850346669,55.291764257159656,14.815383580797938,6.792283010737244,950.0,43.708235742840344,317.0,828.0,0.0,Inf,Inf,0.3823595564509363,142.89149822787385,365012.22003908525,2.7396343056485086e-6
30,80,60,109.0,29.0,51.0,0.725,2.1666156231653746,0.3625,8.03847577293368,163918.20981041936,72.4538080317582,19.413939350669192,10.188424516105867,1450.0,36.5461919682418,483.0,1562.0,0.0,Inf,Inf,0.30949223029508643,323.06364267239013,548843.1548506165,1.822014160442939e-6
30,80,80,119.0,39.0,41.0,0.975,1.6110731556870734,0.4875,10.717967697244902,291411.6245647932,87.77168570205883,23.518352302184972,13.584566021474489,1950.0,31.228314297941168,650.0,2436.0,0.0,Inf,Inf,0.2668802563418119,575.7046480103259,732662.691696522,1.36488456602648e-6
30,80,100,129.0,49.0,31.0,1.225,1.2822827157509358,0.6125,13.397459621556123,455331.74384117796,101.85009962575785,27.290651943751197,16.980707526843112,2450.0,27.14990037424215,817.0,3430.0,0.0,Inf,Inf,0.2380952380952381,900.8145128711906,916477.688235149,1.0911340372351987e-6
30,120,20,129.0,9.0,111.0,0.15,10.471975511965978,0.075,2.6794919243112254,27315.55143385016,39.870848007917886,10.68336152526563,3.396141505368622,450.0,89.12915199208211,150.0,270.0,0.0,Inf,Inf,0.5555555555555556,35.18822577592826,181135.21636456958,5.520737601832804e-6
30,120,22,130.0,10.0,110.0,0.16666666666666666,9.42477796076938,0.08333333333333333,2.947441116742347,33050.15206453187,42.48575130915461,11.384022753117486,3.7357556559054843,500.0,87.51424869084539,167.0,316.0,0.0,Inf,Inf,0.5270462766947298,42.697452270306684,199528.61599267102,5.011812441162482e-6
30,120,25,132.0,12.0,108.0,0.2,7.853981633974483,0.1,3.349364905389031,42684.463009788305,46.26743491167571,12.397321820443032,4.245176881710778,600.0,85.7325650883243,200.0,416.0,0.0,Inf,Inf,0.4811252243246881,55.414396631945806,227308.41501000134,4.399309193880926e-6
30,120,30,134.0,14.0,106.0,0.23333333333333334,6.731984257692414,0.11666666666666667,4.01923788646684,61465.731396144816,52.24721751398183,13.999599739644635,5.094212258052933,700.0,81.75278248601816,233.0,524.0,0.0,Inf,Inf,0.4454354031873739,79.9812507853996,273085.2887200766,3.6618596508325284e-6
30,120,40,139.0,19.0,101.0,0.31666666666666665,4.960409453036515,0.15833333333333333,5.358983848622451,109275.25906963304,63.29354638713221,16.95945464053387,6.792283010737244,950.0,75.70645361286779,317.0,828.0,0.0,Inf,Inf,0.3823595564509363,142.89149822787385,365012.22003908525,2.7396343056485086e-6
30,120,60,149.0,29.0,91.0,0.48333333333333334,3.249923434748062,0.24166666666666667,8.03847577293368,245874.12119040493,82.93854690150866,22.22331666367003,10.188424516105867,1450.0,66.06145309849134,483.0,1562.0,0.0,Inf,Inf,0.30949223029508643,323.0636426723901,548843.1548506165,1.822014160442939e-6
30,120,80,159.0,39.0,81.0,0.65,2.41660973353061,0.325,10.717967697244902,437115.5943394174,100.47335754617065,26.921755015339862,13.584566021474489,1950.0,58.52664245382935,650.0,2436.0,0.0,Inf,Inf,0.2668802563418119,575.7046480103259,732662.691696522,1.36488456602648e-6
30,120,100,169.0,49.0,71.0,0.8166666666666667,1.9234240736264039,0.4083333333333333,13.397459621556123,682996.3314478148,116.58918656858913,31.23997838725494,16.980707526843112,2450.0,52.41081343141087,817.0,3430.0,0.0,Inf,Inf,0.2380952380952381,900.8145128711906,916477.688235149,1.0911340372351987e-6
30,150,20,159.0,9.0,141.0,0.12,13.089969389957473,0.06,2.6794919243112254,34143.09716194001,42.94900628143353,11.508151548829327,3.396141505368622,450.0,116.05099371856647,150.0,270.0,0.0,Inf,Inf,0.5555555555555556,35.18822577592826,181135.21636456958,5.520737601832804e-6
30,150,22,160.0,10.0,140.0,0.13333333333333333,11.780972450961725,0.06666666666666667,2.947441116742347,41315.894817992186,45.76757160324374,12.263383850622738,3.7357556559054843,500.0,114.23242839675626,167.0,316.0,0.0,Inf,Inf,0.5270462766947298,42.697452270306684,199528.61599267102,5.011812441162482e-6
30,150,25,162.0,12.0,138.0,0.16,9.817477042468104,0.08,3.349364905389031,53358.856379690944,49.841103929227415,13.354883547712136,4.245176881710778,600.0,112.15889607077258,200.0,416.0,0.0,Inf,Inf,0.4811252243246881,55.414396631945806,227308.41501000134,4.399309193880926e-6
30,150,30,164.0,14.0,136.0,0.18666666666666668,8.414980322115516,0.09333333333333334,4.01923788646684,76829.09040189582,56.2808583674837,15.080410548897646,5.094212258052933,700.0,107.7191416325163,233.0,524.0,0.0,Inf,Inf,0.4454354031873739,79.9812507853996,273085.2887200766,3.6618596508325284e-6
30,150,40,169.0,19.0,131.0,0.25333333333333335,6.200511816295644,0.12666666666666668,5.358983848622451,136593.04166626435,68.1807342594083,18.268972684169427,6.792283010737244,950.0,100.8192657405917,317.0,828.0,0.0,Inf,Inf,0.3823595564509363,142.89149822787385,365012.22003908525,2.7396343056485086e-6
30,150,60,179.0,29.0,121.0,0.38666666666666666,4.062404293435077,0.19333333333333333,8.03847577293368,307345.3411191816,89.34310191235976,23.93941200670828,10.188424516105867,1450.0,89.65689808764024,483.0,1562.0,0.0,Inf,Inf,0.30949223029508643,323.0636426723901,548843.1548506165,1.822014160442939e-6
30,150,80,189.0,39.0,111.0,0.52,3.0207621669132627,0.26,10.717967697244902,546396.9292382447,108.23180432488336,29.000624564215777,13.584566021474489,1950.0,80.76819567511664,650.0,2436.0,0.0,Inf,Inf,0.2668802563418119,575.7046480103259,732662.691696522,1.36488456602648e-6
30,150,100,199.0,49.0,101.0,0.6533333333333333,2.404280092033005,0.32666666666666666,13.397459621556123,853747.7129024956,125.5920067258802,33.65227677800372,16.980707526843112,2450.0,73.4079932741198,817.0,3430.0,0.0,Inf,Inf,0.2380952380952381,900.8145128711906,916477.688235149,1.0911340372351987e-6
30,160,20,169.0,9.0,151.0,0.1125,13.962634015954636,0.05625,2.6794919243112254,36416.7305299649,43.88193799780909,11.758129848825538,3.396141505368622,450.0,125.11806200219091,150.0,270.0,0.0,Inf,Inf,0.5555555555555556,35.18822577592826,181135.21636456958,5.520737601832804e-6
30,160,22,170.0,10.0,150.0,0.125,12.566370614359172,0.0625,2.947441116742347,44070.92847062095,46.76305569103629,12.530123008024786,3.7357556559054843,500.0,123.2369443089637,167.0,316.0,0.0,Inf,Inf,0.5270462766947298,42.697452270306684,199528.61599267102,5.011812441162482e-6
30,160,25,172.0,12.0,148.0,0.15,10.471975511965978,0.075,3.349364905389031,56916.48205672359,50.925054011138336,13.645327096795818,4.245176881710778,600.0,121.07494598886166,200.0,416.0,0.0,Inf,Inf,0.4811252243246881,55.414396631945806,227308.41501000134,4.399309193880926e-6
30,160,30,174.0,14.0,146.0,0.175,8.975979010256552,0.0875,4.01923788646684,81951.42329184315,57.50482888627425,15.408372460967074,5.094212258052933,700.0,116.49517111372575,233.0,524.0,0.0,Inf,Inf,0.4454354031873739,79.9812507853996,273085.2887200766,3.6618596508325284e-6
30,160,40,179.0,19.0,141.0,0.2375,6.613879270715354,0.11875,5.358983848622451,145699.3803141989,69.66340801526492,18.66625391969003,6.792283010737244,950.0,109.33659198473508,317.0,828.0,0.0,Inf,Inf,0.3823595564509363,142.89149822787385,365012.22003908525,2.7396343056485086e-6
30,160,60,189.0,29.0,131.0,0.3625,4.333231246330749,0.18125,8.03847577293368,327836.0450470111,91.28604311753682,24.460021533576626,10.188424516105867,1450.0,97.71395688246318,483.0,1562.0,0.0,Inf,Inf,0.30949223029508643,323.06364267239013,548843.1548506165,1.822014160442939e-6
30,160,80,199.0,39.0,121.0,0.4875,3.222146311374147,0.24375,10.717967697244902,582822.2137210704,110.58532891430208,29.631249577317313,13.584566021474489,1950.0,88.41467108569792,650.0,2436.0,0.0,Inf,Inf,0.2668802563418119,575.7046480103259,732662.691696522,1.36488456602648e-6
30,160,100,209.0,49.0,111.0,0.6125,2.5645654315018716,0.30625,13.397459621556123,910663.7364177365,128.3230961356179,34.384069979800124,16.980707526843112,2450.0,80.6769038643821,817.0,3430.0,0.0,Inf,Inf,0.2380952380952381,900.8145128711906,916477.688235149,1.0911340372351987e-6
30,180,20,189.0,9.0,171.0,0.1,15.707963267948966,0.05,2.6794919243112254,40972.19542779133,45.64030735977222,12.229283499359187,3.396141505368622,450.0,143.35969264022776,150.0,270.0,0.0,Inf,Inf,0.5555555555555556,35.18822577592826,181135.21636456958,5.520737601832804e-6
30,180,22,190.0,10.0,170.0,0.1111111111111111,14.137166941154069,0.05555555555555555,2.947441116742347,49575.38120529054,48.63409469636158,13.031466398508828,3.7357556559054843,500.0,141.3659053036384,167.0,316.0,0.0,Inf,Inf,0.5270462766947298,42.697452270306684,199528.61599267102,5.011812441162482e-6
30,180,25,192.0,12.0,168.0,0.13333333333333333,11.780972450961725,0.06666666666666667,3.349364905389031,64027.70189949998,52.96326947849828,14.191465285275537,4.245176881710778,600.0,139.0367305215017,200.0,416.0,0.0,Inf,Inf,0.4811252243246881,55.414396631945806,227308.41501000134,4.399309193880926e-6
30,180,30,194.0,14.0,166.0,0.15555555555555556,10.09797638653862,0.07777777777777778,4.01923788646684,92196.24590467865,59.80762562147976,16.02540498649842,5.094212258052933,700.0,134.19237437852024,233.0,524.0,0.0,Inf,Inf,0.4454354031873739,79.9812507853996,273085.2887200766,3.6618596508325284e-6
30,180,40,199.0,19.0,161.0,0.2111111111111111,7.440614179554773,0.10555555555555556,5.358983848622451,163911.50337980507,72.45281991078475,19.413674584452334,6.792283010737244,950.0,126.54718008921525,317.0,828.0,0.0,Inf,Inf,0.3823595564509363,142.89149822787385,365012.22003908525,2.7396343056485086e-6
30,180,60,209.0,29.0,151.0,0.32222222222222224,4.874885152122093,0.16111111111111112,8.03847577293368,368812.243039191,94.94102695887733,25.43937150221262,10.188424516105867,1450.0,114.05897304112267,483.0,1562.0,0.0,Inf,Inf,0.30949223029508643,323.0636426723901,548843.1548506165,1.822014160442939e-6
30,180,80,219.0,39.0,141.0,0.43333333333333335,3.624914600295915,0.21666666666666667,10.717967697244902,655672.0579429187,115.01320540549173,30.817695507316333,13.584566021474489,1950.0,103.98679459450827,650.0,2436.0,0.0,Inf,Inf,0.2668802563418119,575.7046480103259,732662.691696522,1.36488456602648e-6
30,180,100,229.0,49.0,131.0,0.5444444444444444,2.885136110439606,0.2722222222222222,13.397459621556123,1.0244947264402001e6,133.46131234840254,35.76085086455227,16.980707526843112,2450.0,95.53868765159746,817.0,3430.0,0.0,Inf,Inf,0.2380952380952381,900.8145128711907,916477.688235149,1.0911340372351987e-6
30,200,20,209.0,9.0,191.0,0.09,17.453292519943297,0.045,2.6794919243112254,45524.387554602916,47.2715873538548,12.66638365640266,3.396141505368622,450.0,161.72841264614522,150.0,270.0,0.0,Inf,Inf,0.5555555555555556,35.18822577592826,181135.21636456958,5.520737601832804e-6
30,200,22,210.0,10.0,190.0,0.1,15.707963267948966,0.05,2.947441116742347,55087.6538638482,50.37366783935243,13.497583617348095,3.7357556559054843,500.0,159.62633216064756,167.0,316.0,0.0,Inf,Inf,0.5270462766947298,42.697452270306684,199528.61599267102,5.011812441162482e-6
30,200,25,212.0,12.0,188.0,0.12,13.089969389957473,0.06,3.349364905389031,71139.82310112403,54.85586600191284,14.698584995322419,4.245176881710778,600.0,157.14413399808717,200.0,416.0,0.0,Inf,Inf,0.4811252243246881,55.414396631945806,227308.41501000134,4.399309193880926e-6
30,200,30,214.0,14.0,186.0,0.14,11.219973762820688,0.07,4.01923788646684,102441.42374101447,61.94563138177374,16.598281903382276,5.094212258052933,700.0,152.05436861822625,233.0,524.0,0.0,Inf,Inf,0.4454354031873739,79.9812507853996,273085.2887200766,3.6618596508325284e-6
30,200,40,219.0,19.0,181.0,0.19,8.267349088394193,0.095,5.358983848622451,182124.06485581637,75.04260937769831,20.10760658067845,6.792283010737244,950.0,143.9573906223017,317.0,828.0,0.0,Inf,Inf,0.3823595564509363,142.89149822787385,365012.22003908525,2.7396343056485086e-6
30,200,60,229.0,29.0,171.0,0.29,5.416539057913437,0.145,8.03847577293368,409789.4857427263,98.33446342884801,26.34864006390758,10.188424516105867,1450.0,130.665536571152,483.0,1562.0,0.0,Inf,Inf,0.30949223029508643,323.0636426723901,548843.1548506165,1.822014160442939e-6
30,200,80,239.0,39.0,161.0,0.39,4.027682889217683,0.195,10.717967697244902,728527.0612611806,119.12439593647672,31.919285690024235,13.584566021474489,1950.0,119.87560406352328,650.0,2436.0,0.0,Inf,Inf,0.2668802563418119,575.7046480103259,732662.691696522,1.36488456602648e-6
30,200,100,249.0,49.0,151.0,0.49,3.20570678937734,0.245,13.397459621556123,1.1383292348359243e6,138.23184728773333,37.03911184901041,16.980707526843112,2450.0,110.76815271226667,817.0,3430.0,0.0,Inf,Inf,0.2380952380952381,900.8145128711907,916477.688235149,1.0911340372351987e-6
20,80,20,86.0,6.0,74.0,0.15,10.471975511965978,0.075,1.2061475842818297,5560.951592295038,27.08596038745726,4.775985614709419,1.877049351644703,300.0,58.91403961254274,100.0,147.0,0.0,Inf,Inf,0.6804138174397717,10.406062060658154,411446.1081938679,2.430451959771153e-6
20,80,22,87.0,7.0,73.0,0.175,8.975979010256552,0.0875,1.3267623427100155,6730.862653430871,28.86587834809722,5.089833174617832,2.0647542868091735,350.0,58.13412165190278,117.0,185.0,0.0,Inf,Inf,0.6299407883487119,12.673265211228927,454060.8048365069,2.20234820831996e-6
20,80,25,88.0,8.0,72.0,0.2,7.853981633974483,0.1,1.5076844803522889,8688.61074529009,31.430019306707354,5.541960407960465,2.346311689555879,400.0,56.56998069329265,133.0,226.0,0.0,Inf,Inf,0.5892556509887896,16.474225014678225,517692.94874179794,1.9316469394269368e-6
20,80,30,90.0,10.0,70.0,0.25,6.283185307179586,0.125,1.809221376422748,12515.151322100606,35.49549490504296,6.258813445358923,2.815574027467055,500.0,54.50450509495704,167.0,316.0,0.0,Inf,Inf,0.5270462766947298,23.864929711387905,623088.6390622567,1.6049080938227215e-6
20,80,40,93.0,13.0,67.0,0.325,4.83321946706122,0.1625,2.4122951685636593,22253.650439559955,43.002623792983385,7.582522815958753,3.754098703289406,650.0,49.997376207016615,217.0,469.0,0.0,Inf,Inf,0.4622501635210242,42.94330972570039,835829.1428000943,1.1964167660509183e-6
20,80,60,100.0,20.0,60.0,0.5,3.141592653589793,0.25,3.618442752845496,50070.43060671422,56.349271998535606,9.935896996621826,5.63114805493411,1000.0,43.650728001464394,333.0,894.0,0.0,Inf,Inf,0.37267799624996495,97.59949476545698,1.2600667090939812e6,7.936087770456411e-7
20,80,80,107.0,27.0,53.0,0.675,2.3271056693257726,0.3375,4.824590337127319,89018.44441032238,68.26339250064626,12.036677892555819,7.508197406578812,1350.0,38.73660749935374,450.0,1403.0,0.0,Inf,Inf,0.32075014954979203,174.37461192629672,1.684268707991614e6,5.937294893950966e-7
20,80,100,114.0,34.0,46.0,0.85,1.8479956785822313,0.425,6.030737921409155,139092.04102976093,79.21278708496013,13.9673515801935,9.385246758223516,1700.0,34.78721291503987,567.0,1983.0,0.0,Inf,Inf,0.28583097523751466,273.26866056004343,2.10845660459676e6,4.7428056988218114e-7
20,120,20,126.0,6.0,114.0,0.1,15.707963267948966,0.05,1.2061475842818297,8339.153945995025,31.002867523196002,5.4666420236696736,1.877049351644703,300.0,94.997132476804,100.0,147.0,0.0,Inf,Inf,0.6804138174397717,10.406062060658154,411446.1081938679,2.430451959771153e-6
20,120,22,127.0,7.0,113.0,0.11666666666666667,13.463968515384828,0.058333333333333334,1.3267623427100155,10092.015367159958,33.03851372344052,5.825581371949449,2.0647542868091735,350.0,93.96148627655947,117.0,185.0,0.0,Inf,Inf,0.6299407883487119,12.673265211228927,454060.8048365069,2.20234820831996e-6
20,120,25,128.0,8.0,112.0,0.13333333333333333,11.780972450961725,0.06666666666666667,1.5076844803522889,13036.31061620853,35.98151406618717,6.344511736609942,2.346311689555879,400.0,92.01848593381283,133.0,226.0,0.0,Inf,Inf,0.5892556509887896,16.474225014678225,517692.94874179794,1.9316469394269368e-6
20,120,30,130.0,10.0,110.0,0.16666666666666666,9.42477796076938,0.08333333333333333,1.809221376422748,18771.976964578414,40.63165743690687,7.164457477030431,2.815574027467055,500.0,89.36834256309314,167.0,316.0,0.0,Inf,Inf,0.5270462766947298,23.864929711387905,623088.6390622567,1.6049080938227215e-6
20,120,40,133.0,13.0,107.0,0.21666666666666667,7.24982920059183,0.10833333333333334,2.4122951685636593,33379.02276941044,49.225001727210426,8.679695929927982,3.754098703289406,650.0,83.77499827278957,217.0,469.0,0.0,Inf,Inf,0.4622501635210242,42.94330972570039,835829.1428000943,1.1964167660509183e-6
20,120,60,140.0,20.0,100.0,0.3333333333333333,4.71238898038469,0.16666666666666666,3.618442752845496,75107.7611793013,64.50441976858869,11.373869580146657,5.63114805493411,1000.0,75.49558023141131,333.0,894.0,0.0,Inf,Inf,0.37267799624996495,97.59949476545698,1.2600667090939812e6,7.936087770456411e-7
20,120,80,147.0,27.0,93.0,0.45,3.490658503988659,0.225,4.824590337127319,133525.8078563285,78.14171504903454,13.778492681977474,7.508197406578812,1350.0,68.85828495096546,450.0,1403.0,0.0,Inf,Inf,0.32075014954979203,174.3746119262967,1.684268707991614e6,5.937294893950966e-7
20,120,100,154.0,34.0,86.0,0.5666666666666667,2.771993517873347,0.2833333333333333,6.030737921409155,208637.96122541517,90.67599103527908,15.988623721998588,9.385246758223516,1700.0,63.32400896472092,567.0,1983.0,0.0,Inf,Inf,0.28583097523751466,273.2686605600434,2.1084566045967597e6,4.7428056988218125e-7
20,150,20,156.0,6.0,144.0,0.08,19.634954084936208,0.04,1.2061475842818297,10424.826280173205,33.39777052189438,5.888928038519807,1.877049351644703,300.0,122.60222947810561,100.0,147.0,0.0,Inf,Inf,0.6804138174397717,10.406062060658156,411446.1081938679,2.430451959771153e-6
20,150,22,157.0,7.0,143.0,0.09333333333333334,16.829960644231033,0.04666666666666667,1.3267623427100155,12618.0073279555,35.592469854960406,6.27591274548222,2.0647542868091735,350.0,121.4075301450396,117.0,185.0,0.0,Inf,Inf,0.6299407883487119,12.673265211228927,454060.8048365069,2.20234820831996e-6
20,150,25,158.0,8.0,142.0,0.10666666666666667,14.726215563702155,0.05333333333333334,1.5076844803522889,16294.9211061084,38.75954065247005,6.834352776897046,2.346311689555879,400.0,119.24045934752995,133.0,226.0,0.0,Inf,Inf,0.5892556509887896,16.474225014678225,517692.94874179794,1.9316469394269368e-6
20,150,30,160.0,10.0,140.0,0.13333333333333333,11.780972450961725,0.06666666666666667,1.809221376422748,23467.138838629653,43.77047386556394,7.717915500893659,2.815574027467055,500.0,116.22952613443606,167.0,316.0,0.0,Inf,Inf,0.5270462766947298,23.864929711387905,623088.6390622567,1.6049080938227215e-6
20,150,40,163.0,13.0,137.0,0.17333333333333334,9.062286500739788,0.08666666666666667,2.4122951685636593,41724.755260216814,53.026439464493784,9.349991968494376,3.754098703289406,650.0,109.97356053550621,217.0,469.0,0.0,Inf,Inf,0.4622501635210242,42.94330972570039,835829.1428000943,1.1964167660509183e-6
20,150,60,170.0,20.0,130.0,0.26666666666666666,5.8904862254808625,0.13333333333333333,3.618442752845496,93882.85032608235,69.48482311572148,12.252049065056914,5.63114805493411,1000.0,100.51517688427852,333.0,894.0,0.0,Inf,Inf,0.37267799624996495,97.59949476545698,1.2600667090939812e6,7.936087770456411e-7
20,150,80,177.0,27.0,123.0,0.36,4.363323129985824,0.18,4.824590337127319,166908.85606554244,84.17587916170767,14.842478621064497,7.508197406578812,1350.0,92.82412083829233,450.0,1403.0,0.0,Inf,Inf,0.32075014954979203,174.3746119262967,1.684268707991614e6,5.937294893950966e-7
20,150,100,184.0,34.0,116.0,0.4533333333333333,3.4649918973416836,0.22666666666666666,6.030737921409155,260796.67686431867,97.67765360628205,17.223205743083007,9.385246758223516,1700.0,86.32234639371795,567.0,1983.0,0.0,Inf,Inf,0.28583097523751466,273.2686605600434,2.1084566045967597e6,4.7428056988218125e-7
20,160,20,166.0,6.0,154.0,0.075,20.943951023931955,0.0375,1.2061475842818297,11121.425518615153,34.125683088975045,6.017278663692887,1.877049351644703,300.0,131.87431691102495,100.0,147.0,0.0,Inf,Inf,0.6804138174397717,10.406062060658154,411446.1081938679,2.430451959771153e-6
20,160,22,167.0,7.0,153.0,0.0875,17.951958020513104,0.04375,1.3267623427100155,13459.187235517282,36.36644195961327,6.412384909848235,2.0647542868091735,350.0,130.63355804038673,117.0,185.0,0.0,Inf,Inf,0.6299407883487119,12.673265211228927,454060.8048365069,2.20234820831996e-6
20,160,25,168.0,8.0,152.0,0.1,15.707963267948966,0.05,1.5076844803522889,17381.99514721892,39.60296867267686,6.9830718931450315,2.346311689555879,400.0,128.39703132732313,133.0,226.0,0.0,Inf,Inf,0.5892556509887896,16.474225014678225,517692.94874179794,1.9316469394269368e-6
20,160,30,170.0,10.0,150.0,0.125,12.566370614359172,0.0625,1.809221376422748,25031.97848049029,44.72251925456904,7.885786789834343,2.815574027467055,500.0,125.27748074543095,167.0,316.0,0.0,Inf,Inf,0.5270462766947298,23.864929711387905,623088.6390622567,1.6049080938227215e-6
20,160,40,173.0,13.0,147.0,0.1625,9.66643893412244,0.08125,2.4122951685636593,44503.51349822693,54.17837404768679,9.553109115522462,3.754098703289406,650.0,118.82162595231321,217.0,469.0,0.0,Inf,Inf,0.4622501635210242,42.94330972570039,835829.1428000943,1.1964167660509183e-6
20,160,60,180.0,20.0,140.0,0.25,6.283185307179586,0.125,3.618442752845496,100141.88020282803,70.99587474318128,12.518488236221513,5.63114805493411,1000.0,109.00412525681872,333.0,894.0,0.0,Inf,Inf,0.37267799624996495,97.59949476545698,1.2600667090939812e6,7.936087770456411e-7
20,160,80,187.0,27.0,133.0,0.3375,4.654211338651545,0.16875,4.824590337127319,178036.14454862574,86.00636530039866,15.165242715128574,7.508197406578812,1350.0,100.99363469960134,450.0,1403.0,0.0,Inf,Inf,0.32075014954979203,174.37461192629672,1.684268707991614e6,5.937294893950966e-7
20,160,100,194.0,34.0,126.0,0.425,3.6959913571644627,0.2125,6.030737921409155,278179.61101951345,99.80132318667162,17.597665988215514,9.385246758223516,1700.0,94.19867681332838,567.0,1983.0,0.0,Inf,Inf,0.28583097523751466,273.26866056004343,2.10845660459676e6,4.7428056988218114e-7
20,180,20,186.0,6.0,174.0,0.06666666666666667,23.56194490192345,0.03333333333333333,1.2061475842818297,12510.016956626609,35.49064020887272,6.257957431440967,1.877049351644703,300.0,150.50935979112728,100.0,147.0,0.0,Inf,Inf,0.6804138174397717,10.406062060658156,411446.1081938679,2.430451959771153e-6
20,180,22,187.0,7.0,173.0,0.07777777777777778,20.19595277307724,0.03888888888888889,1.3267623427100155,15137.985276077572,37.81962575423225,6.66862042076787,2.0647542868091735,350.0,149.18037424576775,117.0,185.0,0.0,Inf,Inf,0.6299407883487119,12.673265211228927,454060.8048365069,2.20234820831996e-6
20,180,25,188.0,8.0,172.0,0.08888888888888889,17.671458676442587,0.044444444444444446,1.5076844803522889,19556.01217321284,41.189637238767986,7.262844370788909,2.346311689555879,400.0,146.810362761232,133.0,226.0,0.0,Inf,Inf,0.5892556509887896,16.474225014678225,517692.94874179794,1.9316469394269368e-6
20,180,30,190.0,10.0,170.0,0.1111111111111111,14.137166941154069,0.05555555555555555,1.809221376422748,28157.905758847566,46.51160410210945,8.201250719232407,2.815574027467055,500.0,143.48839589789054,167.0,316.0,0.0,Inf,Inf,0.5270462766947298,23.864929711387905,623088.6390622567,1.6049080938227215e-6
20,180,40,193.0,13.0,167.0,0.14444444444444443,10.874743800887746,0.07222222222222222,2.4122951685636593,50065.806909949635,56.347537442073865,9.935591147518059,3.754098703289406,650.0,136.65246255792613,217.0,469.0,0.0,Inf,Inf,0.4622501635210242,42.94330972570039,835829.1428000943,1.1964167660509183e-6
20,180,60,200.0,20.0,160.0,0.2222222222222222,7.0685834705770345,0.1111111111111111,3.618442752845496,112661.23908967333,73.83904004381792,13.019814989337846,5.63114805493411,1000.0,126.16095995618208,333.0,894.0,0.0,Inf,Inf,0.37267799624996495,97.59949476545698,1.2600667090939812e6,7.936087770456411e-7
20,180,80,207.0,27.0,153.0,0.3,5.235987755982989,0.15,4.824590337127319,200290.3036085331,89.45017112572214,15.772478598454088,7.508197406578812,1350.0,117.54982887427786,450.0,1403.0,0.0,Inf,Inf,0.32075014954979203,174.3746119262967,1.684268707991614e6,5.937294893950966e-7
20,180,100,214.0,34.0,146.0,0.37777777777777777,4.15799027681002,0.18888888888888888,6.030737921409155,312954.65609013755,103.79784569123353,18.302360734778347,9.385246758223516,1700.0,110.20215430876647,567.0,1983.0,0.0,Inf,Inf,0.28583097523751466,273.2686605600434,2.1084566045967597e6,4.7428056988218125e-7
20,200,20,206.0,6.0,194.0,0.06,26.179938779914945,0.03,1.2061475842818297,13899.944425290882,36.75915803963069,6.481631350513371,1.877049351644703,300.0,169.24084196036932,100.0,147.0,0.0,Inf,Inf,0.6804138174397717,10.406062060658154,411446.1081938679,2.430451959771153e-6
20,200,22,207.0,7.0,193.0,0.07,22.439947525641376,0.035,1.3267623427100155,16821.852858263926,39.17290783350291,6.9072405638525405,2.0647542868091735,350.0,167.8270921664971,117.0,185.0,0.0,Inf,Inf,0.6299407883487119,12.673265211228927,454060.8048365069,2.20234820831996e-6
20,200,25,208.0,8.0,192.0,0.08,19.634954084936208,0.04,1.5076844803522889,21728.60972174099,42.66173502297889,7.522414928386438,2.346311689555879,400.0,165.3382649770211,133.0,226.0,0.0,Inf,Inf,0.5892556509887896,16.474225014678225,517692.94874179794,1.9316469394269368e-6
20,200,30,210.0,10.0,190.0,0.1,15.707963267948966,0.05,1.809221376422748,31288.9435368856,48.175345055849924,8.494613138286487,2.815574027467055,500.0,161.82465494415007,167.0,316.0,0.0,Inf,Inf,0.5270462766947298,23.864929711387905,623088.6390622567,1.6049080938227215e-6
20,200,40,213.0,13.0,187.0,0.13,12.08304866765305,0.065,2.4122951685636593,55629.51742501612,58.36192815533188,10.290782579954017,3.754098703289406,650.0,154.6380718446681,217.0,469.0,0.0,Inf,Inf,0.4622501635210242,42.94330972570039,835829.1428000943,1.1964167660509183e-6
20,200,60,220.0,20.0,180.0,0.2,7.853981633974483,0.1,3.618442752845496,125178.10601301547,76.47814160982473,13.485159800254808,5.63114805493411,1000.0,143.52185839017528,333.0,894.0,0.0,Inf,Inf,0.37267799624996495,97.59949476545698,1.2600667090939812e6,7.936087770456411e-7
20,200,80,227.0,27.0,173.0,0.27,5.817764173314432,0.135,4.824590337127319,222544.26852630798,92.6474219031455,16.336240174604942,7.508197406578812,1350.0,134.3525780968545,450.0,1403.0,0.0,Inf,Inf,0.32075014954979203,174.3746119262967,1.684268707991614e6,5.937294893950966e-7
20,200,100,234.0,34.0,166.0,0.34,4.6199891964555775,0.17,6.030737921409155,347727.592275172,107.5080336564177,18.956566976540152,9.385246758223516,1700.0,126.4919663435823,567.0,1983.0,0.0,Inf,Inf,0.28583097523751466,273.2686605600434,2.1084566045967597e6,4.7428056988218125e-7
10,80,20,83.0,3.0,77.0,0.075,20.943951023931955,0.0375,0.3038449397558409,701.3132779607831,17.201959265857365,1.5049764261972498,0.6697340093729364,150.0,65.79804073414263,50.0,52.0,0.0,Inf,Inf,0.9622504486493763,1.0738206400024184,1.5045876652002179e6,6.646339213919638e-7
10,80,22,83.0,3.0,77.0,0.075,20.943951023931955,0.0375,0.3342294337314229,849.9968751909186,18.340577403902458,1.6045926053611912,0.73670741031023,150.0,64.65942259609754,50.0,52.0,0.0,Inf,Inf,0.9622504486493763,1.3509220236118098,1.687589304923352e6,5.925612334011672e-7
10,80,25,84.0,4.0,76.0,0.1,15.707963267948966,0.05,0.3798061746947994,1098.3443584551283,19.97653078954048,1.7477199806613726,0.8371675117161704,200.0,64.02346921045952,67.0,80.0,0.0,Inf,Inf,0.8333333333333333,1.7625280379245212,1.927612085968519e6,5.187765771335444e-7
10,80,30,84.0,4.0,76.0,0.1,15.707963267948966,0.05,0.45576740963375784,1584.932428453246,22.574119075212106,1.97497950816538,1.0046010140594046,200.0,61.42588092478789,67.0,80.0,0.0,Inf,Inf,0.8333333333333333,2.6486034930179043,2.362980279357571e6,4.231943908866951e-7
10,80,40,86.0,6.0,74.0,0.15,10.471975511965978,0.075,0.6076898795116819,2826.7605420534005,27.37601527987346,2.39509098950141,1.3394680187458727,300.0,58.62398472012654,100.0,147.0,0.0,Inf,Inf,0.6804138174397717,4.965998682257995,3.2356007202963037e6,3.09061619911008e-7
10,80,60,90.0,10.0,70.0,0.25,6.283185307179586,0.125,0.9115348192675157,6367.460452378777,35.886352041038194,3.1396489788912554,2.009202028118809,500.0,54.113647958961806,167.0,316.0,0.0,Inf,Inf,0.5270462766947298,11.645921141874293,4.9549416660883855e6,2.0181872308285662e-7
10,80,80,93.0,13.0,67.0,0.325,4.83321946706122,0.1625,1.2153797590233637,11325.988755822906,43.4809745837392,3.8040923551360226,2.6789360374917455,650.0,49.5190254162608,217.0,469.0,0.0,Inf,Inf,0.4622501635210242,21.18371689004112,6.682711387845048e6,1.4963986052410783e-7
10,80,100,97.0,17.0,63.0,0.425,3.6959913571644627,0.2125,1.5192246987791975,17700.79352949625,50.45894196226797,4.414585395211002,3.3486700468646817,850.0,46.54105803773203,283.0,701.0,0.0,Inf,Inf,0.4042260417272216,33.49011626831981,8.402527665782657e6,1.1901180689618768e-7
10,120,20,123.0,3.0,117.0,0.05,31.41592653589793,0.025,0.3038449397558409,1051.5655891570814,19.688804641254983,1.7225472044864127,0.6697340093729364,150.0,103.31119535874501,50.0,52.0,0.0,Inf,Inf,0.9622504486493763,1.0738206400024184,1.5045876652002179e6,6.646339213919638e-7
10,120,22,123.0,3.0,117.0,0.05,31.41592653589793,0.025,0.3342294337314229,1275.19379153107,20.99580953163501,1.8368953155676087,0.73670741031023,150.0,102.00419046836498,50.0,52.0,0.0,Inf,Inf,0.9622504486493763,1.3509220236118098,1.687589304923352e6,5.925612334011672e-7
10,120,25,124.0,4.0,116.0,0.06666666666666667,23.56194490192345,0.03333333333333333,0.3798061746947994,1650.776724944947,22.882493100063503,2.0019587394657385,0.8371675117161704,200.0,101.1175068999365,67.0,80.0,0.0,Inf,Inf,0.8333333333333333,1.7625280379245212,1.927612085968519e6,5.187765771335444e-7
10,120,30,124.0,4.0,116.0,0.06666666666666667,23.56194490192345,0.03333333333333333,0.45576740963375784,2379.1802877636846,25.84736914903677,2.2613517825104323,1.0046010140594046,200.0,98.15263085096323,67.0,80.0,0.0,Inf,Inf,0.8333333333333333,2.6486034930179043,2.362980279357571e6,4.231943908866951e-7
10,120,40,126.0,6.0,114.0,0.1,15.707963267948966,0.05,0.6076898795116819,4238.293687861678,31.33316340279556,2.741296590149984,1.3394680187458727,300.0,94.66683659720444,100.0,147.0,0.0,Inf,Inf,0.6804138174397717,4.965998682257995,3.2356007202963037e6,3.09061619911008e-7
10,120,60,130.0,10.0,110.0,0.16666666666666666,9.42477796076938,0.08333333333333333,0.9115348192675157,9550.968133855484,41.079299237654986,3.593972988883953,2.009202028118809,500.0,88.920700762345,167.0,316.0,0.0,Inf,Inf,0.5270462766947298,11.645921141874293,4.9549416660883855e6,2.0181872308285662e-7
10,120,80,133.0,13.0,107.0,0.21666666666666667,7.24982920059183,0.10833333333333334,1.2153797590233637,16988.617193903803,49.77293351411022,4.354567432914187,2.6789360374917455,650.0,83.22706648588978,217.0,469.0,0.0,Inf,Inf,0.4622501635210242,21.18371689004112,6.682711387845048e6,1.4963986052410783e-7
10,120,100,137.0,17.0,103.0,0.2833333333333333,5.543987035746694,0.14166666666666666,1.5192246987791975,26551.325147422,57.76116731747476,5.053447332303161,3.3486700468646817,850.0,79.23883268252524,283.0,701.0,0.0,Inf,Inf,0.4042260417272216,33.49011626831981,8.402527665782657e6,1.1901180689618768e-7
10,150,20,153.0,3.0,147.0,0.04,39.269908169872416,0.02,0.3038449397558409,1314.2764331009691,21.20815072523871,1.8554727628074956,0.6697340093729364,150.0,131.7918492747613,50.0,52.0,0.0,Inf,Inf,0.9622504486493763,1.0738206400024184,1.5045876652002179e6,6.646339213919638e-7
10,150,22,153.0,3.0,147.0,0.04,39.269908169872416,0.02,0.3342294337314229,1592.7758899075104,22.611295835359694,1.9782320532249165,0.73670741031023,150.0,130.3887041646403,50.0,52.0,0.0,Inf,Inf,0.9622504486493763,1.3509220236118098,1.687589304923352e6,5.925612334011672e-7
10,150,25,154.0,4.0,146.0,0.05333333333333334,29.45243112740431,0.02666666666666667,0.3798061746947994,2062.2974962862604,24.644745213040977,2.156135821625874,0.8371675117161704,200.0,129.35525478695902,67.0,80.0,0.0,Inf,Inf,0.8333333333333333,1.7625280379245212,1.927612085968519e6,5.187765771335444e-7
10,150,30,154.0,4.0,146.0,0.05333333333333334,29.45243112740431,0.02666666666666667,0.45576740963375784,2972.0096980168278,27.837098650226018,2.435430557347584,1.0046010140594046,200.0,126.16290134977399,67.0,80.0,0.0,Inf,Inf,0.8333333333333333,2.6486034930179043,2.362980279357571e6,4.231943908866951e-7
10,150,40,156.0,6.0,144.0,0.08,19.634954084936208,0.04,0.6076898795116819,5299.573190445464,33.75624984035262,2.9532891841796447,1.3394680187458727,300.0,122.24375015964738,100.0,147.0,0.0,Inf,Inf,0.6804138174397717,4.965998682257995,3.2356007202963037e6,3.09061619911008e-7
10,150,60,160.0,10.0,140.0,0.13333333333333333,11.780972450961725,0.06666666666666667,0.9115348192675157,11940.877621893553,44.25401141851325,3.871724314666715,2.009202028118809,500.0,115.74598858148676,167.0,316.0,0.0,Inf,Inf,0.5270462766947298,11.645921141874293,4.9549416660883855e6,2.0181872308285662e-7
10,150,80,163.0,13.0,137.0,0.17333333333333334,9.062286500739788,0.08666666666666667,1.2153797590233637,21237.157290164505,53.61743355993562,4.690917603848806,2.6789360374917455,650.0,109.38256644006438,217.0,469.0,0.0,Inf,Inf,0.4622501635210242,21.18371689004112,6.682711387845048e6,1.4963986052410783e-7
10,150,100,167.0,17.0,133.0,0.22666666666666666,6.929983794683367,0.11333333333333333,1.5192246987791975,33189.77366612699,62.22171701858436,5.443694864244201,3.3486700468646817,850.0,104.77828298141564,283.0,701.0,0.0,Inf,Inf,0.4042260417272216,33.49011626831981,8.402527665782657e6,1.1901180689618768e-7
10,160,20,163.0,3.0,157.0,0.0375,41.88790204786391,0.01875,0.3038449397558409,1401.59116775606,21.66777639409272,1.895684798297742,0.6697340093729364,150.0,141.33222360590727,50.0,52.0,0.0,Inf,Inf,0.9622504486493763,1.0738206400024184,1.5045876652002179e6,6.646339213919638e-7
10,160,22,163.0,3.0,157.0,0.0375,41.88790204786391,0.01875,0.3342294337314229,1699.9292096224785,23.107387104767433,2.0216344153722785,0.73670741031023,150.0,139.89261289523256,50.0,52.0,0.0,Inf,Inf,0.9622504486493763,1.3509220236118098,1.687589304923352e6,5.925612334011672e-7
10,160,25,164.0,4.0,156.0,0.05,31.41592653589793,0.025,0.3798061746947994,2197.5102556115394,25.171988884008805,2.2022636657513517,0.8371675117161704,200.0,138.8280111159912,67.0,80.0,0.0,Inf,Inf,0.8333333333333333,1.7625280379245212,1.927612085968519e6,5.187765771335444e-7
10,160,30,164.0,4.0,156.0,0.05,31.41592653589793,0.025,0.45576740963375784,3168.030768223979,28.43612129471278,2.4878382479354957,1.0046010140594046,200.0,135.5638787052872,67.0,80.0,0.0,Inf,Inf,0.8333333333333333,2.6486034930179043,2.362980279357571e6,4.231943908866951e-7
10,160,40,166.0,6.0,154.0,0.075,20.943951023931955,0.0375,0.6076898795116819,5653.331756444602,34.49123288544269,3.0175918685087884,1.3394680187458727,300.0,131.50876711455732,100.0,147.0,0.0,Inf,Inf,0.6804138174397717,4.965998682257995,3.2356007202963037e6,3.09061619911008e-7
10,160,60,170.0,10.0,150.0,0.125,12.566370614359172,0.0625,0.9115348192675157,12736.607208710477,45.21596593278218,3.9558844294928335,2.009202028118809,500.0,124.78403406721782,167.0,316.0,0.0,Inf,Inf,0.5270462766947298,11.645921141874293,4.9549416660883855e6,2.0181872308285662e-7
10,160,80,173.0,13.0,147.0,0.1625,9.66643893412244,0.08125,1.2153797590233637,22651.236570261,54.78199783245768,4.792803775641801,2.6789360374917455,650.0,118.21800216754232,217.0,469.0,0.0,Inf,Inf,0.4622501635210242,21.18371689004112,6.682711387845048e6,1.4963986052410783e-7
10,160,100,177.0,17.0,143.0,0.2125,7.391982714328925,0.10625,1.5192246987791975,35400.080448190725,63.57338126206088,5.561950162441741,3.3486700468646817,850.0,113.42661873793912,283.0,701.0,0.0,Inf,Inf,0.4042260417272216,33.49011626831981,8.402527665782657e6,1.1901180689618768e-7
10,180,20,183.0,3.0,177.0,0.03333333333333333,47.1238898038469,0.016666666666666666,0.3038449397558409,1574.595124707781,22.524934075041312,1.970676378234915,0.6697340093729364,150.0,160.4750659249587,50.0,52.0,0.0,Inf,Inf,0.9622504486493763,1.0738206400024184,1.5045876652002179e6,6.646339213919638e-7
10,180,22,183.0,3.0,177.0,0.03333333333333333,47.1238898038469,0.016666666666666666,0.3342294337314229,1912.8948278529733,24.034638372015724,2.102758389496551,0.73670741031023,150.0,158.96536162798427,50.0,52.0,0.0,Inf,Inf,0.9622504486493763,1.3509220236118098,1.687589304923352e6,5.925612334011672e-7
10,180,25,184.0,4.0,176.0,0.044444444444444446,35.34291735288517,0.022222222222222223,0.3798061746947994,2474.0515146554662,26.18646088141218,2.291018464988648,0.8371675117161704,200.0,157.8135391185878,67.0,80.0,0.0,Inf,Inf,0.8333333333333333,1.7625280379245212,1.927612085968519e6,5.187765771335444e-7
10,180,30,184.0,4.0,176.0,0.044444444444444446,35.34291735288517,0.022222222222222223,0.45576740963375784,3567.7859715254453,29.585130703384806,2.5883635454789236,1.0046010140594046,200.0,154.4148692966152,67.0,80.0,0.0,Inf,Inf,0.8333333333333333,2.6486034930179043,2.362980279357571e6,4.231943908866951e-7
10,180,40,186.0,6.0,174.0,0.06666666666666667,23.56194490192345,0.03333333333333333,0.6076898795116819,6357.6105709072,35.86783818512349,3.138029226380566,1.3394680187458727,300.0,150.1321618148765,100.0,147.0,0.0,Inf,Inf,0.6804138174397717,4.965998682257995,3.2356007202963037e6,3.09061619911008e-7
10,180,60,190.0,10.0,170.0,0.1111111111111111,14.137166941154069,0.05555555555555555,0.9115348192675157,14325.584967175004,47.023110045058324,4.113989052674616,2.009202028118809,500.0,142.97688995494167,167.0,316.0,0.0,Inf,Inf,0.5270462766947298,11.645921141874293,4.9549416660883855e6,2.0181872308285662e-7
10,180,80,193.0,13.0,167.0,0.14444444444444443,10.874743800887746,0.07222222222222222,1.2153797590233637,25481.237011356683,56.974527244965124,4.984625243683357,2.6789360374917455,650.0,136.02547275503488,217.0,469.0,0.0,Inf,Inf,0.4622501635210242,21.18371689004112,6.682711387845048e6,1.4963986052410783e-7
10,180,100,197.0,17.0,163.0,0.18888888888888888,8.31598055362004,0.09444444444444444,1.5192246987791975,39826.20125920074,66.11959566875348,5.784715057933731,3.3486700468646817,850.0,130.88040433124652,283.0,701.0,0.0,Inf,Inf,0.4042260417272216,33.49011626831981,8.402527665782657e6,1.1901180689618768e-7
10,200,20,203.0,3.0,197.0,0.03,52.35987755982989,0.015,0.3038449397558409,1751.033015689472,23.336658593542527,2.0416930715098105,0.6697340093729364,150.0,179.66334140645748,50.0,52.0,0.0,Inf,Inf,0.9622504486493763,1.0738206400024184,1.5045876652002179e6,6.646339213919638e-7
10,200,22,203.0,3.0,197.0,0.03,52.35987755982989,0.015,0.3342294337314229,2121.4050424889683,24.87797879868012,2.1765411163228023,0.73670741031023,150.0,178.12202120131988,50.0,52.0,0.0,Inf,Inf,0.9622504486493763,1.3509220236118098,1.687589304923352e6,5.925612334011672e-7
10,200,25,204.0,4.0,196.0,0.04,39.269908169872416,0.02,0.3798061746947994,2749.280393901753,27.12357345769706,2.3730051918611474,0.8371675117161704,200.0,176.87642654230294,67.0,80.0,0.0,Inf,Inf,0.8333333333333333,1.7625280379245212,1.927612085968519e6,5.187765771335444e-7
10,200,30,204.0,4.0,196.0,0.04,39.269908169872416,0.02,0.45576740963375784,3961.953549403363,30.636820184862547,2.6803744526576834,1.0046010140594046,200.0,173.36317981513744,67.0,80.0,0.0,Inf,Inf,0.8333333333333333,2.6486034930179043,2.362980279357571e6,4.231943908866951e-7
10,200,40,206.0,6.0,194.0,0.06,26.179938779914945,0.03,0.6076898795116819,7064.575745517368,37.150892915263405,3.2502819699511227,1.3394680187458727,300.0,168.8491070847366,100.0,147.0,0.0,Inf,Inf,0.6804138174397717,4.965998682257995,3.2356007202963037e6,3.09061619911008e-7
10,200,60,210.0,10.0,190.0,0.1,15.707963267948966,0.05,0.9115348192675157,15919.733739371786,48.706377191854976,4.261255845704951,2.009202028118809,500.0,161.29362280814502,167.0,316.0,0.0,Inf,Inf,0.5270462766947298,11.645921141874293,4.9549416660883855e6,2.0181872308285662e-7
10,200,80,213.0,13.0,187.0,0.13,12.08304866765305,0.065,1.2153797590233637,28316.73396165462,59.013985816214806,5.1630547483984826,2.6789360374917455,650.0,153.9860141837852,217.0,469.0,0.0,Inf,Inf,0.4622501635210242,21.18371689004112,6.682711387845048e6,1.4963986052410783e-7
10,200,100,217.0,17.0,183.0,0.17,9.239978392911155,0.085,1.5192246987791975,44249.53775357532,68.48205863858783,5.991403785794024,3.3486700468646817,850.0,148.51794136141217,283.0,701.0,0.0,Inf,Inf,0.4042260417272216,33.49011626831981,8.402527665782657e6,1.1901180689618768e-7
